"","Anc. virus conv._human_218_first wave convalescent","Anc. virus conv._human_220_first wave convalescent","Anc. virus conv._human_224_first wave convalescent","Anc. virus conv._human_260_first wave convalescent","Anc. virus conv._human_262_first wave convalescent","Anc. virus conv._human_278_first wave convalescent","Anc. virus conv._human_289_first wave convalescent","Anc. virus conv._human_280_first wave convalescent","Anc. virus conv._human_298_first wave convalescent","Anc. virus conv._human_299_first wave convalescent","delta conv._human_G21_delta convalescent","delta conv._human_G22_delta convalescent","delta conv._human_G23_delta convalescent","delta conv._human_G24_delta convalescent","delta conv._human_G25_delta convalescent","delta conv._human_G26_delta convalescent","delta conv._human_G27_delta convalescent","BA.1 conv._human_G291_BA.1  convalescent","BA.1 conv._human_G347_BA.1  convalescent","BA.1 conv._human_G348_BA.1  convalescent","BA.1 conv._human_G353_BA.1  convalescent","BA.1 conv._human_G354_BA.1  convalescent","BA.1 conv._human_G355_BA.1  convalescent","BA.1 conv._human_G356_BA.1  convalescent","BA.1 conv._human_G359_BA.1  convalescent","BA.1 conv._human_G360_BA.1  convalescent","BA.1 conv._human_G362_BA.1  convalescent","BA.1 conv._human_G363_BA.1  convalescent","BA.1 conv._human_G366_BA.1  convalescent","BA.1 conv._human_G369_BA.1  convalescent","BA.1 conv._human_G371_BA.1  convalescent","BA.1 conv._human_G381_BA.1  convalescent","BA.1 conv._human_G393_BA.1  convalescent","BA.1 conv._human_G647_BA.1  convalescent","BA.1 conv._human_G650_BA.1  convalescent","BA.5 conv._human_G790_BA.5 convalescent","BA.5 conv._human_G938_BA.5 convalescent","BA.5 conv._human_G939_BA.5 convalescent"
"D614G","165.18334369999999","200.3432206","463.48246519999998","122.5621356","131.99651750000001","75.122449900000007","63.361410220000003","199.78391529999999","132.19501679999999","124.2328957","559.34180860000004","901.07591300000001","85.36672222","114.0004484","<16","<16","42.617403529999997","<16","<16","<16","<16","<16","<16","<16","<16","<16","<16","<16","<16","<16","<16","17.422339999999998","<16","19.757090000000002","<16","42.934683929999998","<16","<16"
"Alpha","154.5599498","60.455929410000003","357.42320960000001","228.1303671","31.94170913","88.270548570000003","46.837826","200.4151358","58.495301750000003","66.498663089999994","414.98771479999999","665.42217300000004","65.738072279999997","152.9404596","<16","<16","41.295283670000003","<16","<16","<16","<16","<16","<16","<16","<16","<16","<16","<16","<16","<16","<16","35.907969999999999","<16","<16","<16","27.594197221507098","30.650052221764501","27.878392763474601"
"Alpha+E484K","282.65428739999999","38.174504339999999","319.83480300000002","391.71406189999999","22.97949272","<16","36.355325819999997","26.358880670000001","54.116515229999997","<16","16.47916446","450.15076099999999","96.160327179999996","117.49580539999999","<16","<16","69.503812409999995","<16","<16","<16","<16","<16","<16","<16","<16","<16","<16","<16","<16","<16","<16","127.7977322","<16","20.327355099999998","<16","37.627832249952696","57.923405963872398","18.5850931768463"
"Beta","227.97612480000001","108.3261536","177.92159910000001","86.579292960000004","21.981884560000001","<16","22.148596739999999","24.972453940000001","44.774813039999998","<16","16.908790029999999","1395.7327130000001","164.18088209999999","33.005466460000001","<16","<16","40.20457425","26.97683","<16","<16","<16","<16","<16","<16","23.75873","<16","24.61383","<16","<16","<16","<16","24.802119999999999","<16","<16","<16","27.706946680000001","<16","<16"
"Gamma","281.75478438807301","114.538274011575","257.10333354581502","219.17589477956901","82.5185183795017","41.456991579987502","94.047606716716004","63.432136618328599","170.68393893593901","127.617865907454","471.82460296436301","1605.6571051000401","264.85810801756497","1035.471","124.600927084861","51.5467114670979","177.10670956583701","<16","<16","<16","<16","<16","<16","<16","16.430359632688202","<16","22.235632148308198","<16","<16","<16","<16","18.627116325680099","<16","<16","<16","40.933505089930499","71.497599418629704","45.701987119717998"
"Delta","256.62799999999999","38.441000000000003","568.99699999999996","259.30900000000003","94.272000000000006","92.784999999999997","36.305999999999997","223.00800000000001","47.963999999999999","50.7","447.62171210000002","632.01322130000005","125.73240699999999","2725.9241299999999","226.9678303","91.338974859999993","145.64389829999999","<16","<16","<16","<16","<16","<16","<16","47.192990000000002","29.8856","<16","<16","53.194870000000002","<16","<16","19.545960000000001","<16","178.3931","<16","26.058669770000002","<16","<16"
"BA.1","<16","<16","109.1717756","<16","<16","<16","<16","<16","<16","22.040134599999998","<16","<16","<16","17.035729150000002","<16","<16","<16","105.85135","31.26501","68.021569999999997","<16","43.64405","21.299579999999999","33.583219999999997","121.77977","75.594070000000002","53.907170000000001","143.87780000000001","41.579720000000002","51.128920000000001","79.817689999999999","140.03031999999999","<16","365.49644999999998","52.464680000000001","<16","16.312809170000001","<16"
"BA.2","40.193778160000001","40.797133649999999","169.54426799999999","148.58089519999999","<16","<16","<16","<16","24.628639660000001","<16","30.400123780000001","112.53883190000001","57.824732429999997","34.26380863","<16","<16","82.97286665","16.98198","<16","<16","<16","<16","<16","46.367350000000002","21.070830000000001","23.37556","37.338369999999998","51.207129999999999","113.43443000000001","26.511050000000001","37.151769999999999","203.80779999999999","<16","692.54199300000005","44.43779","18.330534780000001","24.518312420000001","22.853079579999999"
"BA.5","73.609363079999994","<16","72.483532530000005","61.514538379999998","<16","<16","<16","<16","25.766433039999999","<16","<16","446.62213910000003","67.542426710000001","66.860617079999997","<16","<16","21.19490519","<16","<16","<16","<16","<16","<16","<16","28.80302","<16","<16","<16","<16","<16","25.66414","27.717600000000001","<16","32.70091","<16","157.3760183","174.9923775","164.0473518"
"XBB.1.5.1","<16","<16","28.123546801960899","<16","<16","*","*","*","*","*","20.374184576247998","21.773272178118699","<16","112.201086474007","<16","<16","<16","49.869542494697299","<16","<16","<16","17.379540098929098","22.1572805285576","<16","<16","<16","<16","78.934140340222498","177.48208520357801","225.79976715574901","74.335018979597905","<16","<16","*","*","40.979226416763296","<16","33.424494474101401"
